{
  "model_id": "arn:aws:bedrock:us-east-1:156729649053:inference-profile/global.anthropic.claude-opus-4-6-v1",
  "total_domains_attempted": 6610,
  "successful_labels": 6497,
  "failed_labels": 113,
  "success_rate": 0.9829046898638427,
  "top1_agreement_with_kaggle": 0.508696321379098,
  "top3_recall_vs_kaggle": 0.7740495613360012,
  "mean_top1_confidence": 0.7759796829305835,
  "mean_labels_per_domain": 1.40757272587348,
  "per_category_agreement": {
    "Adult": 0.9591836734693877,
    "Shopping": 0.8770949720670391,
    "Travel": 0.8428571428571429,
    "Jobs & Education": 0.8311111111111111,
    "Real Estate": 0.8275862068965517,
    "Autos & Vehicles": 0.7763157894736842,
    "News": 0.7555555555555555,
    "Books & Literature": 0.7,
    "Health": 0.691304347826087,
    "Pets & Animals": 0.6862745098039216,
    "Food & Drink": 0.6511627906976745,
    "Finance": 0.6447368421052632,
    "Games": 0.588957055214724,
    "Beauty & Fitness": 0.5330188679245284,
    "Computers & Electronics": 0.5302197802197802,
    "Home & Garden": 0.5185185185185185,
    "Sports": 0.4623115577889447,
    "Business & Industrial": 0.45611510791366905,
    "Arts & Entertainment": 0.41321044546851,
    "People & Society": 0.41237113402061853,
    "Science": 0.36764705882352944,
    "Law & Government": 0.36585365853658536,
    "Hobbies & Leisure": 0.21282798833819241,
    "Reference": 0.14634146341463414,
    "Online Communities": 0.07570977917981073,
    "Internet & Telecom": 0.043596730245231606,
    "Sensitive Subjects": 0.03389830508474576
  },
  "timestamp": "2026-05-10 22:01:50"
}